image_id,filename,sha256,width_px,height_px
img_0002,img_0002.jpg,0b6ee85f2afac88b6bbcfc02a08bf32270d13b4264d0b3aa32bca1cd186e8fe9,2048,1536
img_0003,img_0003.jpg,f0f4c026072c0452b79d49e4695134b8b900aca141ca21790b9aca0a8f678523,2048,1536
img_0006,img_0006.jpg,d2bc297a4b0dedfe8f9f5c056f3ac38d65270f069ba9f21539299aeff13206cd,2048,1536
img_0007,img_0007.jpg,ee4b3729064aa2c3d9eff0eeda9a88eeb0167a9de16b2d74099aadade5084943,2048,1536
img_0009,img_0009.jpg,c5e37ff3677d444eaccde893e9a286feac8b792357f9e9afd275ab1f84f90d92,2048,1536
img_0014,img_0014.jpg,071216e6a274eca22cb06f154fa58bbe5d3dc5b0d8d8171517765159a8a5174d,2048,1536
img_0017,img_0017.jpg,f98801e6fec29f860670ba5457d2dbf83c5ae9bec73dbb9d76d10acad60618f7,1920,1080
img_0018,img_0018.jpg,13598fb195a7222f9b489783be802086f30decce5bd0b72a25c1e54e2be68740,1706,1279
img_0024,img_0024.jpg,283a8c545f85d39e5f030e34caf9a02f845e9f0e7ec975e3d1554a7e48720994,2048,1536
img_0028,img_0028.jpg,024b36d1282ff1199c45e5bfd77fb619ea7d5297c1dced0a987922796cda4815,1702,1276
img_0035,img_0035.jpg,d1d6e1f2d5cb79ae554677f349ef58e98f021b4e93ad702ee2c99a5c315edd69,2048,1151
img_0040,img_0040.jpg,332f4a922578d59a9eecfb3f365de89def5b1c9ba1a9012fa81d206ab6d5d422,2048,1536
img_0045,img_0045.jpg,9940e3277f3dbbaa954ef0e10dbccc0b93fb5dee4205da1d213753653d1b4334,2048,1536
img_0049,img_0049.jpg,615929324ccdd8e2f1802f5bcead560d3addcb89a3959f9bba34b2ec1b113b3f,1702,1276
img_0052,img_0052.jpg,b617804d318d01f65ee2446b314f52095fad8ad65ce27236e0c984a6dba630f4,1707,1280
img_0055,img_0055.jpg,9edaa7519635f0332e80837a5667f200b8ffcd3cbbf8da76d56131197d89115a,2048,1536
img_0059,img_0059.jpg,7984be4558b091acf2a0d45e141b750323ade8abf92af81771fc5cd5a0e92b10,2048,1536
img_0062,img_0062.jpg,c0f1546b6cb92f88af22b95ecf98e9793315a3c02802383aec7823d88721821b,1706,1279
img_0063,img_0063.jpg,eb6c84e2fe6bbe0af6a674a12d126b357002c0e55560eb01b3200b2ca8dda4ab,1706,1279
img_0066,img_0066.jpg,214b18ceddd12204bd57ba3345f9e1cccdde1c4e1f879a0e7f0c86f0262723a7,2048,1536
img_0071,img_0071.jpg,0da6d3d8fe6dacb0487cd1a48c2ac2e91e1ec9fc2908efea9945805fb374192c,481,361
img_0074,img_0074.jpg,27ebdbfc2238bbf7be5a40d5a3ffe92cf60cf0ea229bd53f7da96270e5186894,481,361
img_0075,img_0075.jpg,6d47d39c49147db11c9d1e793ebc370db750327e14de0b7208f772fe9060b09a,219,285
img_0089,img_0089.jpg,0cfaae5e2ca2d6d0ccaa79c4e5ebfd3e3c1d544fb00c7bdc840a02f6ec768b44,1706,1279
img_0092,img_0092.jpg,6eaf7f7b960c62988970630d7c11fdbbb55251563cc4de424c1473f8d0a23f47,1706,1280
img_0094,img_0094.jpg,8c891fd511cef5fe4f39cf4b484daaf2b2ba94769e142b7b5f15d8ad4db7db90,2048,1536
img_0097,img_0097.jpg,6d29fd55bf5a5822af880695a1801ad10ae57335e3556b9c482b27d9a7ef490e,1280,960
img_0101,img_0101.jpg,ca0ae84fa7e6808a80038aa62ab4827b293ff2e389a3a289d126cb7e5cefdd24,2048,1536
img_0106,img_0106.jpg,effc13d85f3ec8ee94bdf32b61e78d26193a25c506de81352d6370c999b6cc05,1707,1280
img_0109,img_0109.jpg,391b97e2e664ed587a17dec05f7bdcdf2b3211858db9271722039df986883dea,1440,1080
img_0115,img_0115.jpg,87cff9f8b9ad83e80de972cea6e0370f0e41a06e58fd209f6520712ebff66626,828,620
img_0116,img_0116.jpg,65c18456eaed23a21ee50ee1b4ee948246522e26e14d70c155294c610250e257,1280,1707
img_0117,img_0117.jpg,475db81389be8138bf63323d1d492a6ff24a162d4a5cea524e47843285e8722f,1536,2048
img_0119,img_0119.jpg,816a4100fc2ea95d6b00ed5f859cdbc075f79983e233b3b69612f26824c0fa99,1080,1425
img_0125,img_0125.jpg,c16d8bebc8ed5a7449dca503d5bdc075b2c08227a6b8328bb21f2e44363c5cfb,1536,2048
img_0129,img_0129.jpg,be1b03039641ac6f77e523d50db7163a47eaf6ec0c8bc03df9680032e8a3446a,828,1104
img_0131,img_0131.jpg,d7d52d2457b88ce2ad135612d567feff84e208277bd2f4481e5efdb566884189,800,800
img_0132,img_0132.jpg,dfbbbdf37a042efba3e37d907c5f4339dc4e01183ef263d1c82f53ddd726351e,1080,1920
img_0133,img_0133.jpg,911cfd8ae0d793fc1094648ac6762a35a0b1fac70fad15fb76139bd667974957,1536,2048
img_0134,img_0134.jpg,59646404bab8d935bd23ca62d4946690fed5e691e070d56548a4a731aa1cefcb,1706,1279
img_0135,img_0135.jpg,92ea2220f7215694c1b6db462654914a68dfa57206a2891b36e4cc9e4710892d,1536,2048
img_0136,img_0136.jpg,d8a763f29cfcd897373466d4626e0f47ec885637b3deb91079c56b2abf866e5f,1706,1279
img_0137,img_0137.jpg,8e486f6f021c311a10b18531fcd25e3f77b4a1154ec76986fe184f6ac382f1fc,1536,2048
img_0141,img_0141.jpg,f27623b65f27f23cd6aea36eac3339ab00f62acbccb90cd85684919ba98a4a70,2048,1536
img_0142,img_0142.jpg,3e2dd6b119c7fde35e2081c356f05c8e6220cb40020f03e206d18dc3b7ab69c0,1600,1200
img_0143,img_0143.jpg,652190ebb38e1102cd6ad667292c2df672afc33f127dc5407a42a8df1d089879,2048,1536
img_0147,img_0147.jpg,43316cfa691a6eb1eaea2488a537550bf25dac9790f688bf765b48da1f8eb786,853,640
img_0150,img_0150.jpg,f8ef524eca19bb2b139da170473495eda11c0dd4148f6e70ccebcea0f5e458ba,1920,1080
img_0151,img_0151.jpg,9a176058d5e043e79d5981fa818b2ef6759ba50624464830dc31a6e9a568e3af,1152,2048
img_0155,img_0155.jpg,38cb7b2a3da66913179da2929ed2b0e68dbe72758d115c8d270c43a62dcf6fd4,1279,1706
img_0158,img_0158.jpg,2af3adf5e706f9f40f1ec2c34b4b651bbe5d0f9ffc0c9a09211f5b9c72ba35b7,1080,1920
img_0159,img_0159.jpg,6f9f20f4b7af8312de94db71f2673efec6d0985e549fc34f2a0e14e6de53350a,2048,1152
img_0160,img_0160.jpg,6c0b8cf6d95feb55986a5611fce2f23b09761932d4e9e6cc108d0a035770e7c3,1152,2048
img_0161,img_0161.jpg,372c687fbaf5d1f2ddbabcebfe4d9b9eccd0158da0b3ee31415e5686d3e58c7e,2048,1152
img_0162,img_0162.jpg,cd5ce4987179447643b6070ad291a2d5372d7473c38f877cd221fdc1631203c0,628,471
img_0163,img_0163.jpg,12b843513a590e33d68030edf292ebdcd0ba62b5fd8d1b0d75d5b9ddc4f6a499,1152,2048
img_0164,img_0164.jpg,baeed6d482e1fc54a720c16067cab9307f60f52855a610f22f8bc2b48bf75b9a,855,486
img_0167,img_0167.jpg,49dd582c07620318e038677228a17bd79de03f42cdbd64b600dea9eb00eb66b3,1706,1279
img_0168,img_0168.jpg,d6c1086f07e2271389ad05b83d68406c377822e8b73661fdb30159ecd95ef03f,828,1106
img_0176,img_0176.jpg,d5fe75d17d2f7e81913cce746070875643b428373463b34b0b24b6734bf76676,828,622
img_0177,img_0177.jpg,d5fe75d17d2f7e81913cce746070875643b428373463b34b0b24b6734bf76676,828,622
img_0179,img_0179.jpg,2caf40a5788895cb9493cde3f93612162bcc5e0c865699e26207c91a63d496ad,828,1104
img_0185,img_0185.jpg,9cc7d7fcf2691d3eec7474a088e324f085d042404c4a27d841c6521913fd1cb2,828,622
img_0187,img_0187.jpg,a4416d38245fa9b1090733db1923197e81bad2f5d9e054bb353de532dec9c046,1279,1706
img_0188,img_0188.jpg,62a7ba153244b9fd97fb7c7ed3759684c1554639fe2761a2c7063ff0c62e38e0,828,1104
img_0189,img_0189.jpg,ffe4dac0db8543b716211f524ef2ddded3518488699fd5938d9216ff0bd22112,828,622
img_0190,img_0190.jpg,3640af24f19a7027229f068186774026ddeb96f12e0c79064c95953786168e6b,828,1104
img_0192,img_0192.jpg,0508a964070ff8c175aa33bb235f301627d67468ce2c8c76f47d500d672c1555,829,1105
img_0194,img_0194.jpg,3e650b5b93f5affb9c88502866f4366762d3a44a83a190f65c025d3539a2d37d,828,622
img_0199,img_0199.jpg,97c7d4e867ac9e688c91d86a14d79b0a62cd0d3a79c98bc35d85fa6ce61b6e6e,828,1104
img_0203,img_0203.jpg,55c37cf1f48fadade3b1c95dda104ecd94de77586bc29c1dec97eaa3843931a9,1920,1080
img_0206,img_0206.jpg,f94c4139d2229478330e77024dae7488d88d962cb0af01ad5f45c500cec9900a,828,620
img_0207,img_0207.jpg,7ac62f1b964a4eb1e69074ac17eb35c96c06113815153d31aae0a9b52d83ac40,828,466
img_0210,img_0210.jpg,0a423c5e6c55a2c9e21fd9af7139eeab8f96fc28a0da09bbd331778e2cce407d,834,626
img_0216,img_0216.jpg,d2f7f7b2a194fac17044882fe68914893660e3b772f31326aa875cd92c1a100c,828,622
img_0218,img_0218.jpg,0a7b2b2bef81d0e5036e7b6bb11ff3ca2599eb6d0ae54969c27ba7742b1e6d59,2048,1536
img_0220,img_0220.jpg,05e391be69c906fe9b8c0745751317a1707b30ab9a725aa7ab95e2bacca6a0ea,1279,1726
img_0222,img_0222.jpg,8b6d9977a00ecbdf6f86fd9c4dd508008099adadbe3733cec39011eb108fa3e3,1279,1707
img_0224,img_0224.jpg,fa32cc2aba222f6b6facf69e183249e78daba40b6b99cb0b46cde8f19ccaebda,1706,1279
img_0225,img_0225.jpg,51bacec7c6602ce5a177ba6020a06e3b90b11becb0963f0afc9e2de3b2b5aeb1,828,1104
img_0229,img_0229.jpg,9add44dc558eb598be7176cc0e937900460832de329216430d7ef1f6e5d72762,828,1104
img_0230,img_0230.jpg,9fc0b44e67cf56a20e6215eec437e9e5becb42829e7d9230ebe02d6a10d22580,922,2048
img_0232,img_0232.jpg,60b48260ccb1fd736d8741379a6778a91d54ae38a804109088c74358ff5c27fb,834,626
img_0234,img_0234.jpg,113577975fa5622a2ca5ee8b88761c396cce759bec43810570a511df944b493f,1536,2048
img_0235,img_0235.jpg,e228bf0d00a0c11c4ce5bdabfadff44482d88bf2397d8c2c207ad23821ad226d,1280,1707
img_0236,img_0236.jpg,cc50c4e3610f9d5e7cd5d003c2099607ef7ce959ac76a253e8f8e86e9aa4b734,834,626
img_0241,img_0241.jpg,1bb757a8b4355220257126e9a611a67a012dda2bcf7928556c68027f5cdf6c5c,1706,1279
img_0244,img_0244.jpg,de8371d0f7e823eb8cbb9defc1e8d4ddc6e10b198c1318c5d40960986971afbe,1535,876
img_0252,img_0252.jpg,16822123a1304b24445ca67bb516e1f27a6cdb2f55e0b11e0c9c5e505980833d,853,640
img_0256,img_0256.jpg,fc045539cbbb745f4e5349eca4cc4c8271371cf95b90ddd4afd53823eb6aae55,1492,1120
img_0258,img_0258.jpg,91de616869d71b939299f186d4e0f20884e234654152d2deeda0c281ff97e51b,828,622
img_0260,img_0260.jpg,f95dac1b822f340138768771cebcdbf286a796615de9aae444326403626b45ad,853,640
img_0261,img_0261.jpg,5385fb669162b9137cf4633202b6717cf7000333bf87eff860958c2680472919,828,466
img_0263,img_0263.jpg,07903dc513db7d46af6031d52c81b47a447d99b5df2a74080fe387079125bad2,1280,1280
img_0266,img_0266.jpg,c7ee13f8273a355bf0a264bc75013c0bcc79ecbc932cc014294e953899c536cb,1120,1494
img_0267,img_0267.jpg,3d8da92ecc68c0cfd706f4c1374422f4bcdda898d359111eec7e607375f891b2,1492,1120
img_0272,img_0272.jpg,a13abbd30b1cececd1e28e118ec77ee842653a046d231d63b5566fc0f9115aee,1536,2048
img_0283,img_0283.jpg,7543a129ecf71641dc75800c9efd7e71bb0f3d0e7b7f50871101c7244e2fd746,828,620
img_0284,img_0284.jpg,3436b3b2adee6cdf4f86ce5652cfdb03a878f3b7bc33dca431127aaa553fbc72,1706,1279
img_0286,img_0286.jpg,038141d0993b462a2bc0b9ca946ffc8e87433c2277236496c67fd75666040ff9,851,638
img_0287,img_0287.jpg,22c5493fd749a09d8631cbb4650ea39f144129fcf1b6f88a0073476ba277964b,1702,1276
img_0293,img_0293.jpg,b52f06a94f266350eefc478b9359db420526e33cbcfa4af6737c73f9aae3d7b9,853,640
img_0296,img_0296.jpg,1e0a1ea0fc8999fd8debcc83bce79aeb61f58fe1b14a690b0906eb9c872279dc,1920,1080
img_0298,img_0298.jpg,40c8569b6119ea7244915ea4d1eb73d1a40d25524c1ce614449fe32b744db41b,828,1104
img_0303,img_0303.jpg,9d7030a18584ec9c0727205d4260b1c412efaff4ff7d10f1979a2188708c4ed7,1280,1707
img_0309,img_0309.jpg,35e48d7bb4525c691202dd7c757c2ce688634aebfa8a3a3e5fb103358bc7d263,716,795
img_0311,img_0311.jpg,72fff4a23bbcfc6695ee24f40b819d1fa09e553ee3a12b1126d435947e4aa61c,2048,1536
img_0314,img_0314.jpg,992469f7e10123728d65af4ae97d1aded0f3849a5e5ed11987d6178da9f14bf3,1536,2048
img_0319,img_0319.jpg,1f025d99fcbb67233551ca11a2a111e2198b7f47baba255a7b8b147a54e903eb,2048,1536
img_0324,img_0324.jpg,fe162da5b1dc803f2873a7d503790670a42d0dffc80028782b77274468d1a962,834,626
img_0327,img_0327.jpg,9262f360b706bbe0a28864010b1e62c7f9f49ae310e30e5a71dfd990cecaf138,828,1104
img_0328,img_0328.jpg,377705bb9244f37da4c6f7c73aa5451b6b6ef38401013f8f72c6f4e7d46ffbcd,1080,1437
img_0329,img_0329.jpg,5c1b08d7658c5d368fdcda78243e5d32961c0f4010b53356acae6e1d7e673b66,828,1472
img_0331,img_0331.jpg,3b456d2c015cdee033e16752d1cdadc973dc0bb0e9ebe89ae720728e56754f77,810,1080
img_0332,img_0332.jpg,c7e1962418dcbdbd166b09c36c858278db2250ca4df1c7ef6362881d1d29f9fa,828,621
img_0334,img_0334.jpg,f94d8987e75878e3c6d7e89bc3b05b3a881e0536d8c620a0094433f783b3dd3a,1920,1080
img_0335,img_0335.jpg,439ca067fe34afb87d8eb93c1dbf305ecdf280d9fcc05385449c1b7cbd141b38,854,640
img_0336,img_0336.jpg,ac3c8028cc44f8ec4aba928287a8aa7ae88f977f2718a9fdd13ffbcbabcd2918,828,622
img_0341,img_0341.jpg,3281e6504b2d42d6a0c82bc5b93b30b75743c8f529b7e72adca800ee4c9671a1,1704,1279
img_0351,img_0351.jpg,adebf80785b793cb2b87058dbb04ddfbbbd94356766dd3584778f697655b5764,828,1104
img_0363,img_0363.jpg,d5ce03dd89a19088ba414a64f510998297a72bfbcd326edde503440fe4bd98ff,1440,1896
img_0366,img_0366.jpg,4d9d4c197fdfa80596f66173d4b15faf8ddb8318806afa73928177c58edffc1d,798,582
img_0368,img_0368.jpg,10df8f48b323efdb151a5a24d705dfe917399f057d78d30bba95a73e264875a9,1492,1120
img_0369,img_0369.jpg,c68d212c7fcacb54d3763f521e23cc1d5021d0a8a41c3dafa04f03b10e8a7621,1706,1279
img_0373,img_0373.jpg,4fe6c63e40962368bc2466e72df5ea70b28f4a013d459ee7ca4bbf8cea31e612,828,622
img_0374,img_0374.jpg,def9efb8fe1b0bc8fe3eea119f991dda3825be41a5431bf51497d66963c480a5,693,520
img_0377,img_0377.jpg,fd62cf135354ac0f36c944564344607baf30c73cd9530b9a415f742d9a3e4a1f,2048,1536
img_0378,img_0378.jpg,d1c326e94070a372dd5db19482e5eda0207e0de2b7c02939c5b2f1f018e7cc78,1536,2048
img_0381,img_0381.jpg,4f658e10d41ac52b0dccd9861bd6af1eb9d28134ed2a756fbca9977116726420,834,626
img_0384,img_0384.jpg,4dd8b90b88c2b7d3d4934e76b06eb0e2018888d0bffd1c7096c100057da89c55,1536,2048
img_0385,img_0385.jpg,3e1904b0aa6803512cac12db43a80abb7e2d06b6fd65fd16623063b7628f9ea0,1536,2048
img_0388,img_0388.jpg,61487e192390281d5e563c159a79f4075089b91a6c8abd2c312bdf69ffb57de5,406,315
img_0389,img_0389.jpg,0315aaff472e099483485c6cac9fd89272e55c763e963d1a6f58dde9d3dc2f44,2048,1536
img_0391,img_0391.jpg,a18e9cd6081c40e7bd46728ab929d930d95b2f4fdfce97b7fde228f6da750373,378,284
img_0394,img_0394.jpg,0d95e1549b5f3867a90002eb5541846018ecac600f3e8c3ff828cb37527c59f2,828,622
img_0402,img_0402.jpg,499784f826761107ac9900a5b3f1becf87c8ec7f44459b1080c0f6165fb2c9f1,1438,1080
img_0408,img_0408.jpg,0798195d677f3a9aef3310d60ec032b395a96c1b05ec0f09147448172f39713d,1536,2048
img_0418,img_0418.jpg,a535861d7c8fb65b3aaf28fe873731ac56631dad2018d22d302c37546ea6da8d,2048,1152
img_0428,img_0428.jpg,3eeea293368ef938755bfe8789bd3cedf8dd5def3c57209954ee6e90474934cc,1920,1080
img_0430,img_0430.jpg,b490d19e8dfc1d0712aadbdd2de65b6c88b0436fcfc5fe659d5d16226da61869,2048,1536
img_0433,img_0433.jpg,cf608ad000d3b420e2971a97dccc2567b28493bef596a2c296c129b5d04b7383,1080,1920
img_0435,img_0435.jpg,e896d643b334e996420086949964a8479a25380cd5d1e38e3dc4c6af91a7253f,828,1107
img_0436,img_0436.jpg,52018dd7fa85fd9d24abc67541d59ed226cd40fd13490458ef342039c2acc72d,809,607
img_0441,img_0441.jpg,6b50d62148284f831c56c7f858ba5c04a627ad2b7c88cbe782b36d93b283fa6d,828,1104
img_0445,img_0445.jpg,dd5db811886993b119605ce71b6f3d07ed71d7eb433141b37c9b42a03d95f8f7,2048,1536
img_0446,img_0446.jpg,36a478c8cacdf157a8b5d59fd0fa538f2a1afe0663e92382b7db2ed81c674e6e,1920,1080
img_0448,img_0448.jpg,676e13c0535888d7e6639d9fe420c489e4aa9be83930c1dedbdd9d0ccc6fbae5,2048,1536
img_0450,img_0450.jpg,40eb4f95f733328f46e15be9c4f4ed0abca9aa4e3d8e52ad179a62b86280b279,2048,1536
img_0451,img_0451.jpg,d185f9461a4dfd9e21fb947e57331a7bdfdbdff788fe475e9285b2ca841daf9f,828,1104
img_0452,img_0452.jpg,d3d735c5838df913fbcd1a2a6e3d363b82e6cddd6bb17d5e4fa6a98bf0e2ee7b,828,622
img_0453,img_0453.jpg,7280f957c19a86df7762b23a1a01d528d6c33d6943ba6cc2c05329c10a7ede1d,1707,1280
img_0458,img_0458.jpg,5662eb119500a1d658ea390302b3b9d9900c2d7cdaaf7860733a9cdc1c54a48e,829,1105
img_0467,img_0467.jpg,7517ef118f16ee3b9bd6396720ddaab79f30fbb6875a22060202f4cffe86142c,1080,1920
img_0469,img_0469.jpg,406a4117c6327d3eb2c86b183eef32f4b53158da98395190ff4f5acc78457ced,2048,1536
img_0470,img_0470.jpg,de11f35159f1ba9e3c0b1182c81b8a441013bbd3537885a211c7c7c1234f4566,922,2048
img_0474,img_0474.jpg,740e306243f29203730e94ca4eb2b94526235660e15b23aec8f5f203a96f81ef,834,626
img_0477,img_0477.jpg,2fe6437c22d2ae0305d28bcf5245d6c4cc7ed1f290983d7fa85c5ab6ba794552,2048,1536
img_0482,img_0482.jpg,b97350b13fd62bd8f4519140a28df1b5250365d1f6c7a39c62ffddbb78fcc542,1440,1080
img_0491,img_0491.jpg,0d0d7f3178f2656730462f4f6abc9e0a7db1c400a613dff531eaeb383b4a6f52,2048,1536
img_0494,img_0494.jpg,feac2f89c94774189877d440e0ecbfe21da431c6fc87578249277602c963b448,2048,1536
img_0495,img_0495.jpg,fb460b103bf9832876cc6b7a2b1a098880215309b02cc7ac688f2f31a459dc8a,1706,1280
img_0498,img_0498.jpg,b95d7c1f9bd267f6378446f826f3882ee82454c3f4f15e9a5d3a1825bcd3e2e2,829,1105
img_0499,img_0499.jpg,3d03d89605e22fb21929ff8ca58f76f8780f7c0a0040abcdcf85d6854df7fc48,436,246
img_0501,img_0501.jpg,b5ecdadf42a2d27a74abdf5d5a46cb20b627bcbea6aef70960b5448f2d6ffbcd,2048,1536
img_0502,img_0502.jpg,4b9381a3d020af83f44529022dfdda2f08f6abdc41339bcb888ab035bc00a50f,828,1104
img_0504,img_0504.jpg,4ec3949e83ae513746190deb54a98f86247a970a78c51fcb5da59303dc189b7e,2048,1536
img_0505,img_0505.jpg,08a14830138e993272537741e7d31d62a25ec150dcc946c678a86b0cd0d78507,1492,1120
img_0506,img_0506.jpg,4ac4c83542682cb34a27c8c954473207e8b40940958f7e71531d91e3063d7b8b,1280,1706
img_0508,img_0508.jpg,f0140b1b5e5865dec88548747cbd271ef1ef55a853419835f9fe200b6197622a,1536,2048
img_0513,img_0513.jpg,b8cbc543af340b70dc937dd6327cff1902e84ed89df8c2ade32095d4eb44b8ab,834,626
img_0515,img_0515.jpg,64b84898e1beb3de4c348434f5ab4b6913ed4b674241e08ee4f450f88cc9420c,854,640
img_0516,img_0516.jpg,6810eff54e74dbbb4e54577126195b72bd90f24d16345ade2128e9eb9deef061,2048,1536
img_0518,img_0518.jpg,217a385b494d135f34e652f8c1a1ac4c4f4a2d3838e30f66a955ed23c1339740,1536,2048
img_0520,img_0520.jpg,597507940656d581abbba3b1d250a086580d0a6d096f079d876d0c1a08e24687,1707,1280
img_0526,img_0526.jpg,4f9eb2a415268f54f94adc91cac21ab05509fa8b40275dd1144007e6f87eded6,828,1104
img_0529,img_0529.jpg,bb64d6c177948601841003276225cb7133cb6ded04d7a17e45c6a8cb6caa3472,2048,1536
img_0535,img_0535.jpg,1e9897dd5a12530bf48cc7a2ff7bbad209dda8f62cbe0858d76459fdbb050496,828,620
img_0537,img_0537.jpg,bc8cfc9d221d188f4e950260f6a81a36efd8d9154b4b5e94e7e3b803022ebb36,828,620
img_0538,img_0538.jpg,67ce3a3a41016c83f638c169479a7329368394ec176d12de4b5734782fb7f265,1706,1279
img_0539,img_0539.jpg,9baba962fa5f1b73d7bc669a0481076ef5b1cd4efa14ec7fa09d6dd27e3d8ab7,1536,2048
img_0540,img_0540.jpg,ee5e6411f6903a7db68920b67bbff631637af5b708875f3ed9d9217acb983f07,851,638
img_0542,img_0542.jpg,9166dfb81bd7db7f9b78efc530476320b94bcd5903b293d6831caeab8a0331aa,1279,1706
img_0543,img_0543.jpg,9ab880e342506af6cd89f2cfa2d0eb77e756bbcd75a3081bc8d0fcc1657d9cfb,1536,2048
img_0544,img_0544.jpg,fa712eaed764e13d3b706c58dfc813053dd686788024b23732bd450f6ae1da92,2048,1536
img_0547,img_0547.jpg,24b2c7787d37aba70aaf24b4f1f2ea854a03dd389c581f092cd11a78b0332790,1280,1280
img_0549,img_0549.jpg,33235b91a3504314132fbe1ad943a258c4a8f12724a337ff6c5b4bf4de74184c,2048,1536
img_0551,img_0551.jpg,d44894892d7e517d9a76b5a78a4700656069affad788b3e3edbc187d7e2f15da,2048,1152
img_0553,img_0553.jpg,93d26c286501c02901b237d082f29884073ba594a1be775ade7be71449a980f4,2048,1536
img_0557,img_0557.jpg,fb0fe1ca7f6dc47abe09edb333f049d5d9b6569ed976633861cb3bce19c67065,2048,1536
img_0560,img_0560.jpg,3c58ca2f5544b708dd427187b2ca5ee0da76b5e63cfce7757b425a84be47b378,2048,1536
img_0563,img_0563.jpg,dac8882377a87ddf11a2000edbf347e3cfacb7b2f80b2b4d2cf4a01d6af52fcf,828,1104
img_0564,img_0564.jpg,377705bb9244f37da4c6f7c73aa5451b6b6ef38401013f8f72c6f4e7d46ffbcd,1080,1437
img_0565,img_0565.jpg,5bdd23daef1fae5cfd71e06c7f971fd0de665bb60dc6185f892499f86151e986,834,626
img_0567,img_0567.jpg,0859af638be169b8c71037bea79afce717728d203a39acbdfb9153043228da4e,1536,2048
img_0570,img_0570.jpg,6fd1e2194bdf2d6bdfa43db549733939c4c83a814722073f587610f0c0667d50,2048,1536
img_0571,img_0571.jpg,8709e16b6cd95bb2b2cb0d25a928e4382a154ec76d7d5312eb3cc6a1b6c6ff42,1536,2048
img_0575,img_0575.jpg,9507f8458eb02407f920affb3ed91047b7376d132680142081761da0e66b760d,2048,1536
img_0579,img_0579.jpg,79b1df1928904e55413b013ba2e656d7d1d689095ef15754e62245ec8a5fdf49,828,622
img_0582,img_0582.jpg,7ea5d280e4d811fa6f7dcbe9f1a13655db87e00092c3c60dd34a4e1f17934ec0,828,466
img_0583,img_0583.jpg,d0f23631b75781d17d3d9c0642003eba3181f5e294b8103cc7504844bb1b12dc,828,1104
img_0585,img_0585.jpg,988a35b366c9f575390bd6675cf26004d4092180c70e9dcae7db3535f1a4389e,828,1104
img_0587,img_0587.jpg,e9462e4195dac1d7b129e14a0da1bf26832c8abd9e40e9cd7ec456d7ee5292b7,2048,1152
img_0589,img_0589.jpg,29d782d2a05a44bb1da76b6e2114f14fcb220cd0fe53661585dc404a947badcc,828,1104
img_0592,img_0592.jpg,84c36eea28018fc7f9dc569335cc7bd154092405fb492730cec8327d2a94fc8d,1536,2048
img_0593,img_0593.jpg,02ea2f8da313c54069963d26539a7675b9b7090ff5acc0ca6e7034c8171b3d91,2048,1536
img_0601,img_0601.jpg,e9fd92508821d5af209ec1945c074c38fc856f5802ae7c8886196f59a6e9a995,834,626
img_0602,img_0602.jpg,250b4962082e441e052578f8c18a3d62a1c3fb8ddf5aebb959333d47889e4e66,2048,1536
img_0612,img_0612.jpg,29cc721e2f79c96bc584a6291e361d51d30fa5e699c5824c2bdf016e4af0af3c,1536,2048
img_0616,img_0616.jpg,730d062fda640609857371d60247afebcdf414a20d664df7b0b0eb5648a0af07,2048,1536
img_0620,img_0620.jpg,fe91ad228104def1378f86434e531901df201665857b14f1eb447fc46cedcdf0,1536,2048
img_0621,img_0621.jpg,6ebec3bf30e014d3e9805cffc3713f9c9504976b91be9f13960c8524bd951213,720,1280
img_0623,img_0623.jpg,9ed79816e1765879d299f9240f1ab8ddee9d08a9890ae6c7cf9cb1599d5472a7,1080,1435
img_0624,img_0624.jpg,7edac745aa296ff3afe2a1491e60dc59c6a43398a95c73d0bd4d144598a55210,2048,1536
img_0625,img_0625.jpg,e4f557ea99798b9d4301bd145d5bdf388c7f872ae4845dff8e68fff2db76b184,1707,1280
img_0628,img_0628.jpg,b1eddeb22720dfa672ba8e8f07f339af93c0fa26c051a279e53f705e0ce196a2,1536,2048
img_0630,img_0630.jpg,5f8659d53565efe5639f26abdd89a2cef1a798d24c263a52fb91733855008035,1536,2048
img_0631,img_0631.jpg,be0c715b4758d42d957343ac79ec6fc235aa7576518c3bf113a4c1653675ac0b,2048,1536
img_0635,img_0635.jpg,12cd1f4bce8b87f979eb985bdd7ca4040119be4391bb86a773d9c86dec9fd54c,2048,1536
img_0645,img_0645.jpg,09d7dfeb467f288b4d2ef0abc92cfeaedd1e9d5f7f1112bb3fdf45b576f2fa51,1152,2048
img_0647,img_0647.jpg,61cea1e03cf515eaaad8f181da2ff2d7c56b37273a71e6a1c55662f04ae29678,1536,2048
img_0648,img_0648.jpg,988a35b366c9f575390bd6675cf26004d4092180c70e9dcae7db3535f1a4389e,828,1104
img_0654,img_0654.jpg,1d5158e977b1a7060065b99053f573744764d2c0e9c8d15303ccf1924baa41d8,1536,2048
img_0655,img_0655.jpg,400167877a21d7e73db92cb7114023cf8c7fa2a9c1e7b2ced9848584c9754eeb,852,640
img_0664,img_0664.jpg,fb6df4b8bd020304655f7dd48217801791c53a0d9014e49e96fde997f3bfab70,851,638
img_0665,img_0665.jpg,fe2bf0a368553ff11b977ab07520fe5f00d6a25ccb44c392aa3853d8b5ab3039,2048,1536
img_0671,img_0671.jpg,4eec8cfdf923bec5c83a9b35b177b3636575ccb73b1c08407404889dbdcbad0c,1536,2048
img_0679,img_0679.jpg,0139781fed5f27698bb8c822c28716a89a219015a1d39b92229ee51fdae26d2d,828,622
img_0687,img_0687.jpg,a801a219470e94607432f463bea86f998ab484d7128265a2eb8aed9dd0e921bf,1536,2048
img_0688,img_0688.jpg,ba24f1b47a66ed70ee445cda58c229085f11ca699006e9374ead1b3d80dd5832,834,626
img_0690,img_0690.jpg,01369b54eee1706ecd356f7c47f61706ab2b4fd40ca9268b5704c58d56e3312c,1279,1706
img_0695,img_0695.jpg,d1abbdb3a367a8467c5615a6e9486ad1774a59f9b165866a56e8e69feed74d1c,1706,1279
img_0697,img_0697.jpg,699c0650fa771cb6e2879d57c17823ed56f16ca299407ea52f762c9e54e2494e,2048,1536
img_0700,img_0700.jpg,6e3e13f7114c8bd5161dee7e456e1e5924975ccbcb2336af095cb2cc9375706d,834,626
img_0705,img_0705.jpg,916a2eb867bb634e558b38bd625d465369963101436293fe36c627962c7b7f7e,828,1105
img_0719,img_0719.jpg,661ff4284348b56c70bee492867f408dceb8ecccd18b42915e9babcbaec50ec0,828,622
img_0728,img_0728.jpg,88602b3ec35ec9855f90f17a09f363488097362f4fd96db8cba01dc19e438658,1706,1279
img_0729,img_0729.jpg,3ee4ead4b266666619a92e617a2d864cd8cec613485232698bddf6fde4931476,2048,1536
img_0733,img_0733.jpg,dcf88fb559a5688fc1231f75238c32ac570b563f7abd39a988209f794caa901c,828,1105
img_0734,img_0734.jpg,df04933ba7eb49720297aedf9ad00902b1cae512e0bb8e5f283bd2da07f35d06,1536,2048
img_0735,img_0735.jpg,a2fb2e17b5d5e4d6d5f69c1cf35508951b72150f8b93431f81d82c5519c727cc,1706,1279
img_0736,img_0736.jpg,d44b7f7f0bc5cf6bad06c15c26a6397731cc4a2b6d5a9aa46df72fb30725960d,1706,1279
img_0738,img_0738.jpg,2438d3500d581fa75d380cc8ff61a542a77d695602789dcbe59b23e6be4ad146,828,1104
img_0739,img_0739.jpg,45729c30980a4527e195cdf496d93be209d69d8945f116d8ef12edc84acbc11f,2048,1152
img_0741,img_0741.jpg,f182fa386bf459d51b6c0020862dd7453171615bd7e6bad939f6fd7f63e794ae,1152,2048
img_0742,img_0742.jpg,1ed57c01c67db6adbe581611b8bfa5c73d9fc9b4769355b7b8cd4faf638a4cc0,2048,1152
img_0744,img_0744.jpg,8e29eed12d4b8451ebeb792fb612fc5a70d5eb57bac372f667a956de2c4b992d,2048,1152
img_0748,img_0748.jpg,4602f8590e71fc6585f12c85fb1ef5d75f5764447491d296b19d790473137e40,2048,1536
img_0759,img_0759.jpg,8a92e01e14611a9f1afd1a516a7752e999e9c113f3f7c1029eaaf5d1e08b62e2,1440,1080
img_0760,img_0760.jpg,56ed60a975f1eb4f66eeb9949018bfc60d13c90b7c5a062a090b0787b03c5e8f,1536,2048
img_0761,img_0761.jpg,dac8882377a87ddf11a2000edbf347e3cfacb7b2f80b2b4d2cf4a01d6af52fcf,828,1104
img_0766,img_0766.jpg,55d262da2cafff1cf6759cb5d44dfbb93abf5f62be01d8cccd39c031f76608ea,1538,2048
img_0774,img_0774.jpg,1957c44a121aa2e142d428bd25b01d9cfa912e2f5cd557455f3514fa89ef94ec,800,600
img_0776,img_0776.jpg,72e16fd70de25c9d7f67b41ab90f79fb568f638676bbc01b1ea11dc77ca85089,828,1104
img_0778,img_0778.jpg,eaf88f360c6646fbd40dfc4de7087110a9a56764cceefded03018bd29e87d05b,1707,1280
img_0779,img_0779.jpg,7f0ec2db0f1fd271bbeee8fc44b1601414e1a843a11742e03e930e51f739f760,1280,1706
img_0782,img_0782.jpg,442d00513e55b03914d14e58915b37accfe09d8b4aa067cf35f2d7c04f84e58a,1536,2048
img_0789,img_0789.jpg,b3947d4f980528bed0ff39f2d7413b9a171ca34a45819db5af6efb812165b9bb,828,1104
img_0792,img_0792.jpg,f101dc162754e343ebcd75bc70cf5c88fc0c0b8c88e9a8bfe0318418c818ae90,853,640
img_0795,img_0795.jpg,151dd488245fa1e3ab517c09d05643b2562008882c2ea1f626058310ba240ee2,834,626
img_0797,img_0797.jpg,a520387e4cafb6ebe02c18ca94ac216a2b9a9c034b0960127f3548de16849769,2048,1536
img_0799,img_0799.jpg,c4d197a6571141c839e5d8da6b237691f65b2d24b47597fb2d03f6d4706a930f,1536,2048
img_0807,img_0807.jpg,f1b2f0bc4127a1c115c9d29f7ed2abb9a9ad10f72cdd97341f5f675a3fa44df7,2048,1536
img_0811,img_0811.jpg,a3f4885be9f30622f679e0076cd7a68c8900d5cb3e8bbf84044953b7819655d6,1536,2048
img_0818,img_0818.jpg,d74b1ea660e8ce83602d0ffbec454a88577752a7be5570bb257c80591f2d9e15,2048,1536
img_0822,img_0822.jpg,a358a7d4adf97ec9c47655d2b2ea8f095f2bfa68e8848ace2c373d91738e6d27,2048,1536
img_0831,img_0831.jpg,b41bdd265e4de0d608e80a7c4710962daaf5a1525c7e4918b645edb04f2c9331,828,1104
img_0833,img_0833.jpg,19ae3acb5c8bb8a73eab507df7b42b3c6cf6b77213e79410da7be7f9e83ee36f,2048,1536
img_0841,img_0841.jpg,6d36f6f061783fe41dc1732246c363b267f507048bc162ef61b93c6e0e390107,1536,2048
img_0846,img_0846.jpg,18eb0dac9beac38db3e3a844693c39d51a413ce1d07ee0b6e08f077c759e3202,829,1105
img_0847,img_0847.jpg,b6861b3947072e822cb33c75f32f5df0ad0f1f8df22c7548d3d786a4fd1ca0b4,851,638
img_0849,img_0849.jpg,bae81a0768caf996d32d27feb1442d890c86dc0649d8c5c4c807417e3e442a83,829,1105
img_0853,img_0853.jpg,95d6bd2bb4e01e4e606fcbd2baf060382139444c09287cc93dfd2f7f2fbaee0a,828,1104
img_0860,img_0860.jpg,163a4d4e1886f303e4172d32a0adad463b5365b21aba73b6c387c7e252501fc4,2048,1536
img_0865,img_0865.jpg,b7bdb838520d5deb1716941dd5b9f2099430fdd45174a64aee215444cc9a4ce2,1702,1276
img_0866,img_0866.jpg,62e87afb0fd0d191c45205d9d2d469ab5d3a1e3c7551be272956018d97b7c3ef,1536,2048
img_0867,img_0867.jpg,440a7698a533e7e49873f3279c23b0c6ca58cf1498f52255a662491e9745a3a7,2048,1536
img_0873,img_0873.jpg,3a67becd92ccfd36c36059caa75da2502040603acf5b20194bee797ca0b08092,1702,1276
img_0874,img_0874.jpg,fa345d35736bf13d0af70486aefc3dcbcc86846cdbcab8a5f7ad095ab4bc0bd7,2048,1536
img_0878,img_0878.jpg,0d2baa729c5598b0a80fe40834b09a9932eadca6771ebd948e79b681a67e7d97,834,626
img_0885,img_0885.jpg,4ac192dce2a636c535c7e918241a5c8097452bb7b1ee242d31237d2f3a63185d,2048,1536
img_0886,img_0886.jpg,17f78be5d8d8468d1702440235c4dc2252e297b28e752127790094a1591474cb,1280,1706
img_0887,img_0887.jpg,60ee796eb8088e17848b89658642458738ff4f4b3c57d0fd991956007dff8e15,2048,1536
img_0888,img_0888.jpg,f56a79958886bc43cab5dda2a5572a50c33d1b524a89688d93831ad79b77c50f,2048,1536
img_0891,img_0891.jpg,a11a705373caeb579d0c09c0381f29f7aed79d0afad1279c9e53418ca49be790,828,1104
img_0892,img_0892.jpg,d8b28e48fed8a9d47051999cb3c8eb5cd19f9604ce4bf52443187422dac8a6e2,828,1104
img_0899,img_0899.jpg,b5377d2582b180d3cb25e72609fbbf66c9f17670a425a6df38679950ac8b85e2,2048,1536
img_0910,img_0910.jpg,c77aa40d9048d5d525795f75a84b24d3f86962fe5d085ea2033c0e8d51d968e8,2048,1536
img_0920,img_0920.jpg,b9fbf3deaafaabaa072d9c609027784842b9033bf0485a292b85b9e070c4ca19,828,622
img_0922,img_0922.jpg,e5e8ba693618322408847a541c860b683662440870adcfac7e9cfce2a8ade698,1536,2048
img_0929,img_0929.jpg,96bd16b411bb326d410d89a5be774a1e6e058fe900bf29a11e090430001806ca,2048,1536
img_0930,img_0930.jpg,1ab06327663eadaf0aff80c9538e0a9c7bb0d7e69411f0ecc9cd45109f0756e9,1707,1280
img_0931,img_0931.jpg,7b54a188719d9d32e5fae87e725bcd125920686126ca8f9eb5d532fafae542ee,2048,1538
img_0935,img_0935.jpg,7796cae133bf4d9c5d498295ee2bc21e9b49fbc6adf35487f64e084b7a4031e6,2048,1536
img_0938,img_0938.jpg,a09bea80a8e6a451275600804fc656548cffede76f6df4ce6a67c86a2c9b6b8c,1920,1080
img_0940,img_0940.jpg,a2dfeb3e8cba99e8aa7df9dbcef84a2dbca2e464216c1a871941dc9ce5c35690,828,1104
img_0941,img_0941.jpg,a2e018e9b0c089eef3ddb70ae787f99cce54bf343bd792cb13b273e5ed9491bb,2048,1536
img_0942,img_0942.jpg,06d95723ed59de5352c101df4439d22ebfc6559d74f51c6374ba709ac70cd0f6,1280,960
img_0947,img_0947.jpg,3984ebd68601c723897f3ad1fa4037aa1f97136ea9e8b208f4b9e7dcb6c22531,1536,2048
img_0949,img_0949.jpg,7782ed681d095b489bf2f15b4b1251a71f22a1c6bc31b4f2f3174023f505ad7a,828,622
img_0950,img_0950.jpg,177432c3019f0e1e2b93f7060ff40cb81bb8fa13ed26b96851fbf1f7b28ea049,2048,1536
img_0958,img_0958.jpg,e84ac8eeabd4cf2eca98ae7a3ca3987f2ff70ed28ce7a25cb590c1e8c92149d2,2048,1536
img_0959,img_0959.jpg,0b9c46a80134a0613e72fb4db22782a2e81cbcbfebf5331f4ef62aa2f28568af,2048,1536
img_0976,img_0976.jpg,c5ba4b4bdf40ffb2833f131485857fad770e414c743a462cf12a70c07a3bf3ad,1535,2048
img_0977,img_0977.jpg,b024b92c034b508648f4b2990f83e583e9fc50d5a8e99fb9102594abaa8fd1b8,834,626
img_0982,img_0982.jpg,9a517d6f8c94f3f12fe6af8659163eab078ef13d581eb909275f07c7632f9931,2048,1536
img_0983,img_0983.jpg,076e6fb69c956a98d2ea2d5e33a31dbec8feb7c626d70d68a2efc6e1206b3e6a,829,1105
img_0984,img_0984.jpg,884a02c8acd4fc70099863941f1b9a5e3182c813147301fcf90525016c16cf84,1536,2048
img_0985,img_0985.jpg,038ac7e2a63e20425fd10f71324a2f6592049a4f793620f373e1d6e595b49ad5,1536,2048
img_0995,img_0995.jpg,e0bb854f643f69f9bf057b78c6d835180bf598e61bca92be552299650d7e32b8,1536,2048
img_0996,img_0996.jpg,3b2cf44af9423164bff7e7b0e5b053ccfd7acaafa7a211eac723e9a10bc3456c,2048,1536
img_1001,img_1001.jpg,b5ee2aac9bae14c587d33f316ae0a4040d94630498c5aeea41b20f73f7473e00,2048,1536
img_1002,img_1002.jpg,89e4f2e92c43835d84748bffd42e2feea17a3dcc073e50058f775b7849e25ed3,828,1104
img_1010,img_1010.jpg,30a22758f034e5e5ea092a5d87a692959a92227ccd202735eecd16cbebd96e6d,1536,2048
img_1011,img_1011.jpg,e88c05e45b99f92c1ce09fe7ecacb4339c699b5c90c1a363576a9dee1981ffd0,834,626
img_1018,img_1018.jpg,644e8d5ab3b82df2ed1d5407c0628d2961424620ee401870ba2a7cff075a5bc2,2048,1536
img_1023,img_1023.jpg,951f51e0994044ae1c97ad7ff6935412f8b1641f64939db1cec1a12c74f9d9c3,2048,1536
img_1026,img_1026.jpg,776564b93bbc5759fe1525a54a024fc901762de3aee6a3ec3a98013c77371a9e,2048,1536
img_1030,img_1030.jpg,c21320912287af7952348e9dbc2e41e848c9c9b83f3ef447a94f65a22af9ce50,1920,1080
img_1035,img_1035.jpg,f8d765ed5d7a02a480f0122b7f174e99b8834ac723b3fd9b9026a4e9290f5190,1536,2048
img_1040,img_1040.jpg,fca963c46967075a287513d1c8075a46720a1098e3186ed5b9dcc46774f9b35b,828,1104
img_1043,img_1043.jpg,1479738ef43e394da83e116781258bde8592cf557afab9c3bf9cd931c89d692d,2048,1536
img_1044,img_1044.jpg,80812bc796d3f37c2b2a6d2d1b6d16ef9e57d439c4fcbfb9b079f4479fe4775f,828,622
img_1045,img_1045.jpg,031a5a3701471dddf846458e9eed761e238fbaa695ce6e3836314551ff1a51c1,828,622
img_1050,img_1050.jpg,7788e634592676a4fbfe654f4799be88299add2fda49f2145ab26fa9b5ae9cd2,1706,1280
img_1054,img_1054.jpg,12dfad821cba337c6010c0f6d97b004c4eebf17570b127af5b3c2a26b92c1a41,2048,1538
img_1055,img_1055.jpg,bf8d35ab71baf83d102ee4aca26ff96bed6d35eb26703632f343940fe4a154b2,1280,1706
img_1057,img_1057.jpg,1ef83104669a74049621e0d6a161ec748f03c94ff366f9b38f945ce593a10e27,1152,2048
img_1065,img_1065.jpg,121c22787fb5f01c2daadcfeaa1dc5f7a957b0fb53a4d46738128f1b1b4b48b1,1536,2048
img_1066,img_1066.jpg,4928a1a7030aaf9a3a9079f55909b94739755aabbcddaf0ef72387727dd57f48,1279,1706
img_1072,img_1072.jpg,e7099b48f905d6e3c71555dd257f5662c1c9d19b697d6b2dddd9450258ed7ddb,1152,2048
img_1073,img_1073.jpg,0d7833e84f88167ab65468fbb11015ffbe5e1b2fdb247490bbcdd41425d90811,2048,1536
img_1082,img_1082.jpg,a1d4762767ddea72e3211631285d3a9771750ca755503ab4857e356075a138cf,828,1104
img_1084,img_1084.jpg,a6b3d647d86bb0b5766c13984e8d92cbb8a7f4a45a07106633bab78debb05f82,828,622
img_1085,img_1085.jpg,61d3ccc9d01559d81f6d4f3c8ab3f808d4b3d93ee3fc36d475a93f831152b480,2048,1538
img_1087,img_1087.jpg,6b29a4689612d412e309a239537f5f7d2d4cb5942114b3264eaff479a1d671aa,2048,1536
img_1091,img_1091.jpg,f5965a3745b925821c27c05dd01525c508f6ec632c8ca63b25c18a61b940d043,2048,1536
img_1094,img_1094.jpg,37e0f27b3175569354ff63236a0781a2b06f96f13fc7b2e0f635e460c26ef6f2,793,567
img_1098,img_1098.jpg,88eca377a976386518c385bf134dd353875cd4ffd2957dbf03d5629d8f1c2685,1080,1919
img_1099,img_1099.jpg,2adb34a99f179e24555f507f1454d11a6d47844c3f0530834ac533006fec41a2,1280,1280
img_1100,img_1100.jpg,81ebf86e85ba62fe6c914253fbbb5cfd2eccf936c9b63a90e379324cd501e599,828,1472
img_1104,img_1104.jpg,98ac42beecb93cef8142d2d3a83a3f312ea27f116782fed3c5f06401cc29c7b0,1536,2048
img_1105,img_1105.jpg,09941c50b6f498c215d04a7c2a38902cc4cf37ea4b521d47e109e5d6cd8161fe,828,1104
img_1107,img_1107.jpg,1a3f923b55a92f01b9419cbada7763dc09ecab233b01568557b76ef2e15e7e80,1536,2048
img_1110,img_1110.jpg,c18d0e0053660d958ea3f586a39ed75a98c1ccb6e92ab99802e60d8e75592578,2048,1152
img_1117,img_1117.jpg,a2f9efe0fb57d26090fc037e7b230b7d2439620f12b6daea6837413944ec1e56,1704,1279
img_1120,img_1120.jpg,4d15c2cf9c7e93e05b746b7b7162264ed1958a0e8ac66c000951e43fa93308d0,1536,2048
img_1129,img_1129.jpg,d8093186f62bc95afde2be1c8aab815ac606cc337b914ceb8f35238a4fec68b6,2048,1536
img_1130,img_1130.jpg,6784af4cb3729e8dda11edeb23803ee99adb993bbae1f45da3097223754917ca,2048,1536
img_1131,img_1131.jpg,bf25f6d4d56d7a1eb6e2652b280c43685d28901f67f492bd7ac227b010e562c8,2048,1538
img_1132,img_1132.jpg,d920ee6fedaf755fda7a42bfa7023e5b6b5475628dccf5a380d82c203c1b626e,2048,1538
img_1134,img_1134.jpg,e43c4c458355c6343c021b10b36cc014fc55f9167bee637e7216f345f66b3546,1536,2048
img_1137,img_1137.jpg,5c63529a84d9010882e8abf2a2281a1412a2868ecb9127f8c64d3bd2b9afd415,1536,2048
img_1141,img_1141.jpg,b6f531ce5b9dd6ae17178fa9d94bbf9236d6b9f7f1ca1923eac28752b4f20971,1536,2048
img_1148,img_1148.jpg,41e005db10a2da8b271177d565dcad217e87d8c1bedd2673633f18448003212b,1536,2048
img_1150,img_1150.jpg,3a3d79757ca42c1925a5a5c7b330591c692fcc5bc5b52662f26c1702f512885a,1536,2048
img_1161,img_1161.jpg,00a94e16cdbc4d5a080f36625b1d9fdefef2b1630b2f6c854300c39334dcaea4,1702,1276
img_1162,img_1162.jpg,7d0f048f1bbf4e6f960ffc446544109bd0d8e87d656abf23fadaf02d65053b88,828,620
img_1165,img_1165.jpg,aec4a058b4f853db4b2e3894160817ce8d595b6a464f1cd53a0ceaaff01ffcc7,2048,1536
img_1169,img_1169.jpg,793b71d3775112f3af525d1020efed24df37b99addb68d8dc354786fc75c0647,2048,1536
img_1174,img_1174.jpg,8a5ef54824462648b944045c4bcae9194ddbaf48dca6c1967df4ec9267fc83bb,1280,1707
img_1179,img_1179.jpg,23f219e447ff1cac38554e4ca537f3c8da4f25b8ef8a5c7510b263eca2dbc56b,2048,1536
img_1180,img_1180.jpg,bca5539bbe07ccfa4f4a5257f148b33d31dfc584a930580d171f6c5b5bd63ae8,853,640
img_1183,img_1183.jpg,650439b02b47d9da4f720d6afa8cec4637941da54c80aef01ce6d9032541731b,1536,2048
img_1184,img_1184.jpg,9945dc935376496e32740b170cc64d4662e64f6e6abf06208bd68c1923ac8a44,1279,1706
img_1193,img_1193.jpg,357761edfb052a17021d1666147b4f012abf7d2498354f4d725336e89bd77115,2048,1536
img_1196,img_1196.jpg,be6c950c09ed282b44fdefeb247437becbacfe5a404e5ecb5621602c03a73b75,1535,2048
img_1198,img_1198.jpg,cda01b3abe034c258c1a3f5cf84f7404ee883ec3adce3cfca5757a3632788b33,1536,2048
img_1202,img_1202.jpg,dead0b7ea6ca4bdcbbd6a04ee3999b9febe6a5f13f38fab9f4a02332abb062fe,2048,1536
img_1207,img_1207.jpg,ebb9075baa4d3d0474554360616542effac2552b1d19864f91b8a84947eb0686,1536,2048
img_1210,img_1210.jpg,33d5c8f9545083f12888a767c203387a6a4ab8f2bdeeb2bbb88a4ec69342ea3d,1536,2048
img_1215,img_1215.jpg,df6558a9540c44916419cbbd5a8006b8c5d30deccee085f4bcdea5bac30ed262,1536,2048
img_1221,img_1221.jpg,713af37d8f49c3f95cffc3ba18dc8e896077929d71a49b850a8f8e82f7c85426,1536,2048
img_1222,img_1222.jpg,f54e609a64956d89e3e1da0ddb15305959cacefd9a1fb2a55abfc81657335d0b,1279,1705
img_1227,img_1227.jpg,60129487327498539fc1a13b17aed90acc7a541d4367394addb82507a0549ab2,274,205
img_1228,img_1228.jpg,589a7183984364763282198724e6f0f636f10c5a1d9eed0988178d12bed83b85,828,1104
img_1231,img_1231.jpg,d4deee8d25eac1a7d02bfaa87a3e6c1f84c57de2f96f72d020f29c7b348fb0b7,2048,1536
img_1233,img_1233.jpg,11e463c3cf673f0f405e1c6a7296c7d8e77087189017129b63c2266e7b33f6aa,2048,1152
img_1235,img_1235.jpg,be9aa16cdb77b431acdb38384a949d6088d4027c1895714c4a470a4eedf733d3,1536,2048
img_1236,img_1236.jpg,8d5201c7cd7a8910dd14729fc861d0389fddbfc62b257936aa861188f1a4cdeb,1536,2048
img_1237,img_1237.jpg,e03794c22c343cb2f2cd058031d6d5aa9c1ea4f7daed2f90888d513cfb1817fd,1536,2048
img_1240,img_1240.jpg,fd508f56740715ed3caaffbad328cfd725163a1add0d6bd079f70e69fb8d0918,2048,1538
img_1243,img_1243.jpg,93875ebea0246954af0f4e962b5cd5ed3e7ceae583f2522cb6f84378a0858c61,1536,2048
img_1248,img_1248.jpg,1caf9083be17d37bd9e69ce2933104e006823f675193e5bf15f5bf4b5aa22280,1280,1707
img_1249,img_1249.jpg,5d5bb0977e47bab19fa2c91287998db214e7c20941bc503eaa59bde510798581,1536,2048
img_1250,img_1250.jpg,d674e44cf868031f05d97a7a17fc05606c2686755eb06db53e22f9beefa843e3,1080,1920
img_1254,img_1254.jpg,18ca3e105a053aa6fe7c11d7108c58aac2e78fbfe541bb7bcff3f2dd6b96e1a8,854,640
img_1255,img_1255.jpg,773ac781e0417108e98eb69ac3aed39896326cbe330e3b5f0d33e71443b972ea,922,2048
img_1258,img_1258.jpg,bc0c8adf157502c8f44992b3132b66d0fcb25cbb396d044bec8ae10343fce3ec,1536,2048
img_1261,img_1261.jpg,5b1d70dff23ee168c57e3723c3e87321c81a1f2a573b205a48fcb4cb828ac83b,1536,2048
img_1267,img_1267.jpg,54942be0659aa46bb5bef1553aecd96e5335c4d62140f9988522cebed68f241e,640,853
img_1268,img_1268.jpg,2c115636400f1ee53df4927e386269630d794e58cc926a2acc14d8cbedee9e0d,1704,1279
img_1277,img_1277.jpg,815e2896043ded3cdb3d1dc400e9f7206d50d52e62dfcf74dcb0e0bce9dfbaba,2048,1536
img_1279,img_1279.jpg,905f0179d4619b945ee02a7ae91c114667e091b28829c4c171024ceec76cb52c,1536,2048
img_1281,img_1281.jpg,54ead6efa23d5998c1bec363a5fe1d25fe24f9890a49dd493be3abe444b02933,1440,1920
img_1283,img_1283.jpg,1509a12a2f34b7dc790cd358357155843649d97a95a3cd06027003047d3d4db5,1080,1920
img_1286,img_1286.jpg,ea47ef6a655d9ebfc5b5a8952ba83d1b18540ba57bf875230ea88a83abb7d410,1536,2048
img_1287,img_1287.jpg,7f452770d34d3c68eda4143c23f0e3134717c7691dcb46ee0a2d93ab6f9b285d,960,1280
img_1288,img_1288.jpg,24264f09a3691dfd51f89ee13f8a597dad8a91719a4fe70006589ef90842c887,799,1090
img_1289,img_1289.jpg,c8a57df4b39fe0d94ca82ff1eedced66e75d7bc2c92cebb5761fc2a7f5f8f2fc,960,1280
img_1293,img_1293.jpg,440d1481a5199730724e057d3f330cabc1308df7e8072dae2fc1dea9799937fb,960,1280
img_1295,img_1295.jpg,85a2fc4309076fce91df0da32696beb0fcba5e80f0ce00dd0aa2e07b01f99287,2048,1536
img_1301,img_1301.jpg,91a88ca0a252c20fa99f8a955388b75667f19671cf167ee3b5d5857a445894f9,1152,2048
img_1302,img_1302.jpg,8dfe92fe2426f16bfd896a89df2be209eb343fde8a6bd299404ac8ec54e57281,2048,1152
img_1306,img_1306.jpg,00dbe2db477bf3482c81cc6e564f71d43374204490586bd8ec427bb671ad61d3,1704,1159
img_1309,img_1309.jpg,3d3723fe84dbaa34ca10f6f0211177dd59311ef975d1c33782fa5d8fd16b65fd,1920,1440
img_1310,img_1310.jpg,c06021167f4b6352a80f468e4378ef4bbf98516e0c7071735570ac8d89836844,390,317
img_1311,img_1311.jpg,3d31d29c2b0443a5b981e96174a72d310a10cb221e66f163238460a27de0ddb5,256,270
img_1313,img_1313.jpg,d945ab801c2bc7a945208bfd81399eb6ba0a460c789568f25a00be09534154c5,2048,1536
img_1317,img_1317.jpg,55ede6488a97cdb6d9dfac0e66044c1492429b3ca5366a82291a108ac5a5528d,1536,2048
img_1319,img_1319.jpg,d203cc2bc1d5cf1a62066b4427d6e99c2479964143ee3293c690bea99f834539,640,854
img_1323,img_1323.jpg,34dfbd756da5bf0a61165a10ef22a62504cb46f663d97be951fd5e39b2fa044a,2048,1536
img_1328,img_1328.jpg,ee1ad2588074b1c05f2ece30022af63a1d6b00dac7055d80ff318e0720795ccc,854,640
img_1329,img_1329.jpg,641fd597dda6c1bbc882a597781127e0cb1d71dd2d61c6975b6d085d9f68fe18,1535,2048
img_1331,img_1331.jpg,56602395602c4681717cfff76b830b3aa9a1f8b895107032ff33f8e99339284d,640,854
img_1333,img_1333.jpg,897bb97588855190d37879738e6b67ff2ab9969ebad0114cd61bb46540ddcc09,1600,1200
img_1343,img_1343.jpg,223b038115c6efef792c2ca54c2a259032feb141a652247a5b7ee9abe2d3204b,800,523
img_1345,img_1345.jpg,a353c06fab41db1e10511c7589039d2980a9e6ea3be81a8c0dc36adcfaf15684,2048,1536
img_1347,img_1347.jpg,9a10b4a6d440520d88e83475ebe5d9aa8af6961f5190285663ea1146b8fafc4b,462,592
img_1350,img_1350.jpg,d4530b0ca404ac3f112ef69d39e43e7c9d86dd99e7df595cd02e120cddc7f573,481,502
img_1351,img_1351.jpg,39283751608fd2336c5b7cf2e192bf93315bc86a6b53fa579dbc47c43f163b5a,1596,947
img_1352,img_1352.jpg,9c3c0ec7acd52016f91699fbb8fb9167de652a09662af334c6da851819cedae1,1702,1276
img_1355,img_1355.jpg,668e0fe95fd7e6c64dbe9d70803674bf1dfed8af0f42659f5cf791caf2ebc7f6,746,512
img_1362,img_1362.jpg,f295f30caac77fa910ea9b1fdf60e28f943d84c5f31cc196fb409e102753f825,854,640
img_1363,img_1363.jpg,32c37a61c11896f5290187e244def7b6a7c20379334bcd0520510b75bd596e6a,1920,1440
img_1364,img_1364.jpg,dbd4ff1b79a4090c663d3d258d175c1ee3fb62b1ad9b08429b8e793580c41e66,1728,1296
img_1371,img_1371.jpg,ea041c503d388cf770f7227745fbf6455013355130770b26ef611c20a1d15d5a,732,640
img_1372,img_1372.jpg,f3ba8a7bf3f7b8f19580c176bc74654895ea5253fa772066572f42b6e5354034,2048,1536
img_1373,img_1373.jpg,8591d9c05b1281e66077a90e2c60c0b78c04b5b777952a4dd6346a05b9b4903a,1920,1440
img_1374,img_1374.jpg,122d2023583ebeb228ae34a5bc31fb8e04dc469386404855df3453c9e2b6db1c,854,640
img_1377,img_1377.jpg,26a7562c8024188e7ba14dde9629046bd446b225a52e37740a522c1a0d335dbf,854,640
img_1385,img_1385.jpg,08b36282c0ce1423deac3d7f105b9a1e04321d20ae51cd92569d4768626bba0e,854,640
img_1386,img_1386.jpg,17fb763f6b9ec18b5832d05ee29a4bfab1a51376a598a0cf6b6277f7ed015000,482,532
img_1387,img_1387.jpg,116a00f596ce538272a530d500b22f39c958305b3932a4ab6e216e38132ee3a5,1440,1920
img_1389,img_1389.jpg,d331d53655d75ea8fdb79bed4143f5df9e881ecba08631d24ba6a1afe89657b8,2048,1536
img_1390,img_1390.jpg,951541ce8386e46f54f009d8703fa2a120d4ed57704bae9266bcd8b98718991a,450,800
img_1394,img_1394.jpg,e9aa3fbb738bafa0f8022020a41b17e9d67e8bbed2be13398f989e92c0e409bc,1596,947
img_1396,img_1396.jpg,705320eff606187bd7caf1657b65ba6ce91190a59d7dae05b9df91522cfd3791,421,493
img_1397,img_1397.jpg,aedb63eee203a0fd392017594eb950d4b6bc46fc122180275c7aed2a84ffbeee,640,822
img_1400,img_1400.jpg,43ccb88d9e695d7baf92ebb0498b38612b436ee6a2806d0917ff2a2cf6abb847,536,718
img_1403,img_1403.jpg,2dec6639a219ee6982b9fe5c738549301075a93915b7ace0e5041ee5e9b83160,682,640
img_1405,img_1405.jpg,c008e351c526cd5dd6b59b046c3dd705fcc18a1269a7d25be82a31e6d0668358,2048,1536
img_1409,img_1409.jpg,46531cdc5836b223f4b1cce519a5e14e7f94262ff5c0d3bd1af10254e42ebe68,2048,1536
img_1410,img_1410.jpg,792bc60897a8d175a8d4a48fba83f1184fa83a32ab78da2556e7f06aaf4d2131,410,341
img_1416,img_1416.jpg,41a9640bbdb51bc0077b7a381b6458715180c339575eb3f5bcb2e07fedb1ee41,1440,1920
img_1421,img_1421.jpg,d51a4bdef87dd3a5b8ca05111ce7617610ab6de28eca025aecf93a778bd5e5fd,854,640
img_1430,img_1430.jpg,cdae84ed82da5484acc1d7be97f00fb738f39abf279f3646254b77522243c1f4,854,640
img_1437,img_1437.jpg,70b19466ee49bd431419b2d57edae7912e982ce302dae666ed55d5677b3bc7fd,667,500
img_1438,img_1438.jpg,6c0d699972f394ad5dd2e41ca064a5dcd2dc2ad9f19206f5c59c2f7d08f0b9f9,500,667
img_1443,img_1443.jpg,1e520982cbf28a633150f243fa217c427667157624fe0d18d22bf77eb1e083d7,667,500
img_1444,img_1444.jpg,ed8e1a635b0d1a6f185b679c120a8b1d0226df98ca49ac5a5a2177c5309f71fd,1440,1920
img_1446,img_1446.jpg,beac075338e839d63f5ea4d463aade0ca13dabe942b95cf5d6cc813a1c337938,1702,1276
img_1458,img_1458.jpg,02317badd219ac4e37a53a462f0dcce79ba71025d4fa7a7a92d8489bc9299f96,1279,1704
img_1463,img_1463.jpg,81f87396f394624303e11f7acbec21c1b60afb546ff0fef2588fae4adff8f333,1245,2048
img_1465,img_1465.jpg,163e13591f64515b471b97f5ea268e9ae3276e5a006c96ad66205fdc264dcc8f,1536,2048
img_1467,img_1467.jpg,58a2add14f5c8ca6de7fd94022c349da0e8a2afee7ea610044c6bc913c121813,640,854
img_1471,img_1471.jpg,45e5f124f8a3678b2c102ab248da8f664ef79532f8571a89ee56a2ab31e01a06,960,540
img_1472,img_1472.jpg,f71d8f79ec53fc596e8182f0d126b337b6341d6a7747ed53ae9d462dbf8d8837,2048,1152
img_1474,img_1474.jpg,b7cf895d606022dced7cfad40bdcba30cf5e4354f1a9aa9481b667834f5f5a19,1279,1706
img_1477,img_1477.jpg,6d2664040dea6a4b5ea27692dd58e287f3a5772e020abb7f5a0ae2a1d80333f0,1706,1279
img_1479,img_1479.jpg,739214792d66949430f239aa7e03dac15d0dfadd6f257669cca1d76faa540422,1920,1080
img_1483,img_1483.jpg,69d062a4bce0c59b630f0514eb28193f4c08b0738cf3e28ed0ee7d0ffa14d046,2048,1536
img_1484,img_1484.jpg,69d062a4bce0c59b630f0514eb28193f4c08b0738cf3e28ed0ee7d0ffa14d046,2048,1536
img_1491,img_1491.jpg,2885a8c1e7df562d45c279d087b5847e8cf006f013b1e7585d3ff84e176ae534,2048,1536
img_1492,img_1492.jpg,2b5fadaa8108b5d6d1b163af61073898bd81bf246c59432278c59b9aee3b2e1c,1536,2048
img_1493,img_1493.jpg,d685b3a36276f600f32222950cc3fedb3a8c110efa5af1efeeeca8e10e1a40cb,1920,1440
img_1494,img_1494.jpg,703e124f7dbd38f1dac10afdf464ee54fc586404b80add77d169e0bd4fc75fa6,960,1280
img_1495,img_1495.jpg,25b6929cbb7c099c66a8c3da9376f85ae0539308007bbb055783fb7b876f4e5a,960,1280
img_1497,img_1497.jpg,2e4c89bbc5e02c67003472512eb28136cc46de4a32ee95f042ae926255b7f97e,1080,1920
img_1499,img_1499.jpg,15d90731ca2dfdff38fef02f1329369a96a884edf5acf07ba62b54a193e9eccf,1536,2048
img_1502,img_1502.jpg,446f8ff9bc9b21b38aceeea88997691380097c4f27028f28bca347b3667fe955,1706,1279
img_1509,img_1509.jpg,f67a27a56129e610be3fadf099ef0a160cd777e1e5af57b687a8e04285c176d7,1706,1279
img_1510,img_1510.jpg,3f2714cadbe7c0e4491cff7238f34800f69f7720b3b93636305ea456f698f13c,2048,1536
img_1514,img_1514.jpg,5da6359d2eb67f366af89b46be3fe552b269cef4d7e417220a9c5c14e88ae785,1536,2048
img_1517,img_1517.jpg,6802e7ea6f6aed81f6fd003afa91a9f302f14d83ed97c60f8c67c2b3052e90e2,1440,1920
img_1518,img_1518.jpg,4c8f395e304591a0ed5e93ae1488fdb3977be487ce21ba268bf5eef5d64c891f,1080,1920
img_1519,img_1519.jpg,4c8f395e304591a0ed5e93ae1488fdb3977be487ce21ba268bf5eef5d64c891f,1080,1920
img_1524,img_1524.jpg,4a6c6a6f914b9f5e7872521edcd5c1354d7d2ba959f7d9c58699e0b8cd0b7ecf,2048,1394
img_1526,img_1526.jpg,91625651ad7edd0068dde8c9502dfe6bd59a0e3b65c723363c3da59f82258393,2048,1536
img_1528,img_1528.jpg,211cff7f1970d76bf9119b2e7ab8b22cc55a86286eab536af3f766513a2def3f,800,1875
img_1530,img_1530.jpg,efd74fcd878dd2d8b52e44f55b115d7d7e55eb3d0c4e37e6bce35f5c123a432f,1875,800
img_1533,img_1533.jpg,bc803a4919da16c798f426db6b368706ae4ffaaea74bd6b96c421ff6dbd31c01,1706,1279
img_1537,img_1537.jpg,b2610832056f3b610aa3feaf13469409335648efda6240940663cc125eca7c5b,1440,1896
img_1538,img_1538.jpg,ee0d586b48949fac266e4ce084e44dcfb2897ca35cfa0a2fa5503b57efc87a8a,2048,1154
img_1541,img_1541.jpg,a09803c058bcb245b7aa011fbfefc0f78ac77553fed2f1e8c30293cea742a1ec,1538,2048
img_1543,img_1543.jpg,84ac1f8d132ed169448570f3e49610987976cab0350a617943d205718e6a8829,1440,1920
img_1546,img_1546.jpg,301b99038c8d2b4cc9b9fe812942a90627b09820b6397a35eda8e5a27de4dd21,1440,1920
img_1547,img_1547.jpg,97b14f58a67aefd367d2eedf19157e2586f38038ac6ac1d4ab9868bb42ebc111,1440,1920
img_1548,img_1548.jpg,9f1f4ede8877d7b16523542f6eedc0070ec7a9f7ffe43132b64758ff85322737,1707,1280
img_1555,img_1555.jpg,05542da6c6d9d0357fd32f277f0381b75f9dfbbd6d8c140a61b6729824d5bf7c,1536,2048
img_1558,img_1558.jpg,d7fc9bf2ac32d7d13a814192227099cfbcc26e73f0540eaf092ff41805c8c589,1707,1280
img_1561,img_1561.jpg,51c42e0d991fd9a4c49d9cb1c966578ef42946caa08ddeaa88d4aacf8041f8c8,945,2048
img_1562,img_1562.jpg,75b82b483a470be91bc8ab54ac97ffad8cedcaa91c490e224362e721413006ff,945,2048
img_1564,img_1564.jpg,d1410aead0aac1047b5dd95dfcc168c844df730d31494de6403f7a957215cdaf,640,854
img_1568,img_1568.jpg,b31536e3f3de7b81725e8aacf81db1b17cebdb53eb5857584507781f7e9ca76d,1536,2048
img_1569,img_1569.jpg,b6a884db388d390c383dacee335e1505b85edfcc0c9ac62c6e1b97c3eb855216,1280,1707
img_1570,img_1570.jpg,321506d9ecfc6178808bca9bdefbbbe4ee92d6a6b505051baf531b91f809dc5c,1280,1707
img_1571,img_1571.jpg,cbade8dc7185d272ad4938e65fa0f873d2b2342170d67842b4e1e41a3493b37d,1536,2048
img_1574,img_1574.jpg,8e66a15a9bf96a8e3aaa698dc1c4e3509c228bc33e8822886929ef9f8698114f,1279,1706
img_1575,img_1575.jpg,d9e97ff9fc2a351f60a9bdeafd0a12452f21610f0c61e5d0c1a95f239af47558,1280,1707
img_1576,img_1576.jpg,89e2bffc654fa294926df6d992a77cb2ecafe8706faeb525f0c20d91ddb0f5cb,1707,1280
